id,username,password,mail,name,surname,start,is_active,end
1,angela_brown,123,angela_brown@mymail.com,Angela,Brown,2021-11-29,True,
2,robert_escobar,123,robert_escobar@mymail.com,Robert,Escobar,2021-11-29,True,
3,kenneth_chambers,123,kenneth_chambers@mymail.com,Kenneth,Chambers,2021-11-29,True,
4,brenda_rodriguez,123,brenda_rodriguez@mymail.com,Brenda,Rodriguez,2021-11-29,True,
5,julia_villarreal,123,julia_villarreal@mymail.com,Julia,Villarreal,2021-11-29,True,
6,ashley_kelly,123,ashley_kelly@mymail.com,Ashley,Kelly,2021-11-29,True,
7,christian_savage,123,christian_savage@mymail.com,Christian,Savage,2021-11-29,True,
8,jeffrey_young,123,jeffrey_young@mymail.com,Jeffrey,Young,2021-11-29,True,
9,bruce_wilkerson,123,bruce_wilkerson@mymail.com,Bruce,Wilkerson,2021-11-29,True,
10,haley_anderson,123,haley_anderson@mymail.com,Haley,Anderson,2021-11-29,True,
11,vanessa_porter,123,vanessa_porter@mymail.com,Vanessa,Porter,2021-11-29,True,
12,christopher_reid,123,christopher_reid@mymail.com,Christopher,Reid,2021-11-29,True,
13,peter_farley,123,peter_farley@mymail.com,Peter,Farley,2021-11-29,True,
14,brian_ferguson,123,brian_ferguson@mymail.com,Brian,Ferguson,2021-11-29,True,
15,steven_taylor,123,steven_taylor@mymail.com,Steven,Taylor,2021-11-29,True,
16,kevin_malone,123,kevin_malone@mymail.com,Kevin,Malone,2021-11-29,True,
17,david_gonzalez,123,david_gonzalez@mymail.com,David,Gonzalez,2021-11-29,True,
18,maria_taylor,123,maria_taylor@mymail.com,Maria,Taylor,2021-11-29,True,
19,lynn_sanchez,123,lynn_sanchez@mymail.com,Lynn,Sanchez,2021-11-29,True,
20,karen_jones,123,karen_jones@mymail.com,Karen,Jones,2021-11-29,True,
21,alexandria_parrish,123,alexandria_parrish@mymail.com,Alexandria,Parrish,2021-11-29,True,
22,michael_walker,123,michael_walker@mymail.com,Michael,Walker,2021-11-29,True,
23,jennifer_cruz,123,jennifer_cruz@mymail.com,Jennifer,Cruz,2021-11-29,True,
24,lisa_cooley,123,lisa_cooley@mymail.com,Lisa,Cooley,2021-11-29,True,
25,lauren_wilson,123,lauren_wilson@mymail.com,Lauren,Wilson,2021-11-29,True,
